{"cameraMode":{"drawMode":0,"name":"Shaded","section":"Shading Mode"},"sceneLighting":true,"audioPlay":false,"sceneViewState":{"m_AlwaysRefresh":false,"showFog":true,"showSkybox":true,"showFlares":true,"showImageEffects":true,"showParticleSystems":true,"showVisualEffectGraphs":true,"m_FxEnabled":true},"in2DMode":false,"pivot":{"x":-0.5309324860572815,"y":2.9378738403320314,"z":-6.359781265258789},"rotation":{"x":-0.12894535064697267,"y":-0.0098206652328372,"z":0.0012736525386571885,"w":-0.9916191101074219},"size":4.183372497558594,"orthographic":false}